Item,Quantity,Part number,Description,Name
1,2,,,1100-0011-0288 rev1
2,2,,,2307-0014-0028
3,10,,,1310-0016-4008
4,4,,,2106-4008-1200
5,2,,,1514-0010-0080
6,6,,,1201-0043-0002 rev2
7,14,,,1611-0514-4008
8,6,,,1514-0010-0040
9,2,,,2306-4008-0014
10,2,,,5203 Shaft
11,2,,,5203 gearbox
12,12,,,2405-0014-0054
13,36,,,2812-0004-0007_90576A103
14,2,,,1107-0006-0168 rev1
15,8,,,1108-0001-0002
16,4,,,1401-0043-0032
17,2,,,4103-0032-0043
18,4,1116-0024-0040,https://www.gobilda.com/1116-series-grid-plate-3-x-5-hole-24-x-40mm/,"1116 Series Grid Plate (3 x 5 Hole, 24 x 40mm) 1116-0024-0040"
19,4,,,1131-0004-0007 Compressed
20,44,Voir pour le nombre car avec les tensionneurs,,2800-0004-0012_90128A207
21,8,,,2401-0014-0012
22,32,,,2800-0004-0016
23,8,,,1611-0514-4008
24,8,,,1611-0514-4008
25,4,,,1514-0010-0060
26,32,,,2801-0004-0008
27,28,,,2800-0004-0014
28,2,1123-0048-0240,https://www.gobilda.com/1123-series-pattern-plate-1-x-9-hole-48-x-240mm/,"1123 Series Pattern Plate (1 x 9 Hole, 48 x 240mm) 1123-0048-0240"
29,4,,,1205-0001-0003
30,4,,,2803-0039-0022
31,3,,,1120-0001-0048
32,8,,,2807-0407-1000
33,28,,,2807-0407-0500
34,64,,,2800-0004-0011
35,8,,,2800-0004-0007
36,8,,,2800-0004-0009
37,4,,,1500-0001-0032
38,24,,,2800-0004-0005
39,8,,,2800-0004-0025
40,88,,,2400-0112-0001 Tread
41,24,,,2800-0004-0012
42,16,,,1106-0003-0024
43,2,,,1107-0021-0528 rev1
44,24,,,2804-0004-0012
45,4,,,1109-0024-0336
46,10,,,1109-0024-0288
47,8,,,1137-0001-0002
48,28,,,2805-0004-0038
49,53,,,2802-0004-0006
50,37,,,2802-0004-0014
51,4,,,1137-0002-0001
52,1,,,Droit-Contour
53,1,,,Droit-Devant
54,2,,,Orbite
55,2,,,Camera
56,2,,,Anneau
57,1,,,Droit-Plaque-Arrière
58,1,,,4100-0008-0100
59,4,,,1600-0516-0008
60,4,,,1605-0024-0008
61,39,,,2802-0004-0014
62,28,,,2802-0004-0010
63,2,,,Spacer 3mm
64,4,,,Spacer 5mm
65,4,,,1204-0002-0001
66,2,,,1801-0040-0001 (2.5mm thickness)
67,4,,,1102-0012-0096
68,2,,,2000-0025-0002
69,2,,,2000-0025-0002
70,2,,,1900-0025-0104
71,6,,,2913-0004-0241 housing
72,12,,,2802-0004-0018
73,6,,,1502-0006-0080
74,2,,,2802-0004-0050
75,4,,,1106-0011-0088
76,6,,,1502-0006-0001
77,20,,,1502-0006-0020
78,2,,,2802-0004-0016
79,32,,,2812-0004-0007
80,2,,,2808-0004-0060
81,4,,,1106-0023-0184
82,4,,,1203-0001-0001
83,14,,,1502-0006-0004
84,2,,,1502-0006-0010
85,6,,,2802-0004-0020
86,6,,,1502-0006-0060
87,4,,,2802-0004-0022
88,26,,,2802-0004-0012
89,1,,,Support_Tilt_1
90,1,,,Support_Tilt_2
91,1,,,Gauche-Contour
92,1,,,Gauche-Devant
93,1,,,Gauche-Plaque-Arrière
94,16,,,2802-0004-0025
95,1,,,Droit-Plaque-Milieu
96,1,,,Gauche-Plaque-Milieu
97,6,,,2000-0025-0002
98,2,,,1801-0040-0001
99,2,,,1222-0001-0001
100,6,,,2000-0025-0002
101,2,,,2800-0004-0010_90128A207
102,2,,,4001-0025-4008
103,8,,,1501-0006-0032
104,4,,,1107-0008-0216 rev1
105,2,,,1802-0043-0001
106,16,,,2800-0004-0010_90128A207
107,16,,,2801-0004-0008_91166A230
108,4,,,2302-0014-0060 rev1
109,4,,,2106 Series 8mm REX e-clip
110,4,,,2106-4008-0320
111,4,,,1201-0027-0001
112,8,,,1309-0016-4008
113,4,,,1201-0043-0003
114,16,,,2800-0004-0014_90128A207
115,2,,,2102-0008-0110
116,2,,,1802-0043-0001
117,4,,,1601-0039-00032
118,4,,,1604-0043-0032
119,2,,,4103-0032-0048
120,2,,,2305-0025-0015
121,2,,,2301-0006-0015 without hardware
122,6,,,1309-0016-1006
123,12,,,2800-0004-0014_90128A207
124,2,,,2101-0006-0160
125,2,,,1201-0043-0002 rev2
126,2,,,1611-0514-0006
127,2,,,2807-0609-0500
128,2,,,1521-0008-0040
129,2,,,1611-0514-0006
130,2,,,1611-0514-0006
131,16,,,2804-0004-0025
132,72,,,2802-0004-0008
133,24,,,2811-0004-0007
134,26,,,2812-0004-0007
135,2,,,1514-0010-0120
136,2,,,1514-0010-0080
137,2,,,2807-0811-1000
138,8,,,1203-0001-0001 rev1
139,22,,,2802-0004-0016
140,6,,,1111-0001-0001
141,2,,,1501-0006-0600
142,4,,,1309-0016-0006
143,8,,,2800-0004-0014_90128A207
144,8,,,1600-0513-0006
145,4,,,1614-1616-0006
146,4,,,2807-0609-0500
147,6,,,1106-0004-0032
148,2,,,1102-0006-0048
149,2,,,1102-0007-0056
150,4,,,1502-0006-0003
151,4,,,2802-0004-0030
152,4,,,1108-0040-0001
153,2,,,1107-0001-0048 rev1
154,2,,,1512-0008-0060
155,2,,,2807-0609-1000
156,4,,,1104-0005-0144 rev1
157,4,,,1104-0002-0072 rev1
158,8,,,1502-0006-0012
159,8,,,2804-0004-0006
160,2,,,2302-0014-0048 rev1
161,2,,,1906-0025-0032
162,1,,,2302-0014-0080
163,1,,,2110-0012-0001 Shaft REV1
164,1,,,2305-0025-0040_Gear Blank
165,1,,,2000-0025-0002
166,1,,,1803-0043-0001
167,1,,,2000-0025-0002 fourth (final) stage gear
168,2,,,1600-0418-0012
169,1,,,1142-0001-0001
170,8,,,2801-0004-0008 v4
171,4,,,1502-0006-0190
172,6,,,2800-0004-0050
173,3,,,1102-0017-0136
174,1,,,2808-0004-0070
175,8,,,2800-0004-0008 v4
176,2,,,1101-0015-0120
177,1,,,2901-0001-0001
178,1,,,1120-0002-0072
179,2,,,HS-488HB
180,2,,,1101-0007-0056
181,1,,,1106-0021-0168
182,1,,,1116-0040-0040
183,1,,,1505-0032-0120
184,6,,,1204-0001-0002
185,4,,,regle